3.333333333333333148e-01,7.323943661971831220e-01,1.441360787824529921e-01,7.310526315789473983e-01,1.470852017937219758e-01
3.333333333333333148e-01,7.136150234741783782e-01,1.324977618621307196e-01,7.236842105263158187e-01,1.201793721973094115e-01
0.000000000000000000e+00,4.893062076160667462e-01,5.192479856759176643e-02,4.789473684210526216e-01,5.560538116591928065e-02
1.000000000000000000e+00,3.411580594679186063e-01,6.714413607878245982e-02,3.352631578947368185e-01,6.547085201793721720e-02
3.333333333333333148e-01,8.231611893583724582e-01,5.935541629364369243e-01,8.252631578947368096e-01,5.928251121076233421e-01
0.000000000000000000e+00,7.929055816379759758e-01,5.317815577439570784e-01,7.399999999999999911e-01,5.228699551569506720e-01
0.000000000000000000e+00,6.890975482524778206e-01,2.184422560429722382e-01,6.889473684210526416e-01,2.367713004484305050e-01
3.333333333333333148e-01,4.642670839853938608e-02,1.629364368845120925e-01,1.315789473684210453e-02,1.623318385650224238e-01
3.333333333333333148e-01,8.304642670839853524e-01,8.880931065353625531e-01,8.289473684210526550e-01,8.896860986547084904e-01
3.333333333333333148e-01,1.335419926969222681e-01,2.524619516562220389e-01,1.442105263157894834e-01,2.573991031390134299e-01
3.333333333333333148e-01,7.626499739175796044e-01,6.553267681289167701e-01,7.536842105263157343e-01,6.690582959641255822e-01
1.000000000000000000e+00,4.449660928534168169e-01,4.834377797672336635e-02,4.384210526315789336e-01,4.663677130044843050e-02
6.666666666666666297e-01,7.250912884715701168e-01,2.318710832587287385e-01,7.221052631578946945e-01,2.340807174887892250e-01
6.666666666666666297e-01,5.878977569118414293e-01,2.999104744852282844e-01,5.863157894736842346e-01,2.986547085201793905e-01
1.000000000000000000e+00,2.550860719874804561e-01,1.136974037600716192e-01,2.478947368421052511e-01,1.147982062780269069e-01
6.666666666666666297e-01,5.779864371413667712e-01,4.556848701880035768e-01,5.642105263157894957e-01,4.744394618834080757e-01
1.000000000000000000e+00,3.072509128847156767e-01,6.714413607878245982e-02,2.968421052631579071e-01,6.905829596412556282e-02
3.333333333333333148e-01,8.242044861763171415e-01,5.514771709937331678e-01,8.231578947368420884e-01,5.668161434977578850e-01
6.666666666666666297e-01,4.460093896713615003e-01,5.371530886302596786e-01,4.205263157894736925e-01,5.434977578475336246e-01
3.333333333333333148e-01,8.502869066249347796e-01,4.700089525514771771e-01,8.494736842105262697e-01,4.654708520179371978e-01
6.666666666666666297e-01,1.804903495044340167e-01,1.504028648164726922e-01,1.710526315789473728e-01,1.551569506726457326e-01
6.666666666666666297e-01,7.443922796035472578e-01,3.634735899731423303e-01,7.442105263157894335e-01,3.623318385650224349e-01
6.666666666666666297e-01,2.889932185706833856e-01,9.471799462846911544e-01,2.773684210526315974e-01,9.452914798206277780e-01
6.666666666666666297e-01,9.530516431924882514e-01,3.885407341092211309e-01,9.521052631578947878e-01,4.080717488789237790e-01
3.333333333333333148e-01,8.920187793427229728e-02,2.273948075201432384e-01,8.421052631578947179e-02,2.286995515695067205e-01
6.666666666666666297e-01,6.802295252999478459e-01,1.736794986571172650e-01,6.773684210526316196e-01,1.784753363228699652e-01
6.666666666666666297e-01,7.548252477829943130e-01,2.023276633840644656e-01,7.521052631578947212e-01,2.000000000000000111e-01
3.333333333333333148e-01,4.194053208137715205e-01,1.521933751119068923e-01,4.226315789473684137e-01,1.524663677130044803e-01
1.000000000000000000e+00,3.437663015127803701e-01,6.803939122649954596e-02,3.389473684210526083e-01,6.816143497757846947e-02
6.666666666666666297e-01,7.751695357329160263e-01,5.147717099373321226e-01,7.747368421052631682e-01,5.058295964125560928e-01
6.666666666666666297e-01,7.589984350547730463e-01,2.417188898836168387e-01,7.547368421052631504e-01,2.457399103139013552e-01
0.000000000000000000e+00,6.708398539384454740e-01,1.772605192479856651e-01,6.847368421052631993e-01,1.874439461883408153e-01
6.666666666666666297e-01,8.294209702660406691e-01,2.551477170993733390e-01,8.226315789473683804e-01,2.484304932735426075e-01
6.666666666666666297e-01,2.237871674491392904e-01,1.844225604297224652e-01,1.763157894736842035e-01,1.713004484304932740e-01
6.666666666666666297e-01,3.907146583202921186e-01,6.517457475380483700e-01,3.205263157894736592e-01,7.264573991031390010e-01
6.666666666666666297e-01,8.080333854981742725e-01,2.918531781557743843e-01,8.115789473684210664e-01,2.914798206278026993e-01
0.000000000000000000e+00,8.174230568596765334e-01,5.496866606982989678e-01,8.100000000000000533e-01,5.354260089686098123e-01
3.333333333333333148e-01,6.504955659885237607e-01,2.793196060877349840e-01,6.468421052631578849e-01,2.735426008968609990e-01
3.333333333333333148e-01,7.407407407407406996e-01,6.069829901521933690e-01,7.331578947368421195e-01,5.999999999999999778e-01
6.666666666666666297e-01,7.443922796035472578e-01,2.417188898836168387e-01,7.431578947368421284e-01,2.349775784753363184e-01
6.666666666666666297e-01,5.581637976004173440e-01,2.793196060877349840e-01,5.526315789473684736e-01,2.860986547085201948e-01
6.666666666666666297e-01,3.062076160667709934e-01,8.540734109221127524e-01,3.084210526315789291e-01,8.349775784753362684e-01
6.666666666666666297e-01,7.840375586854460010e-01,3.804834377797672307e-01,7.831578947368420529e-01,3.775784753363228829e-01
3.333333333333333148e-01,7.913406364110588953e-01,6.248880931065353694e-01,7.778947368421053055e-01,6.529147982062780686e-01
6.666666666666666297e-01,5.889410537297861126e-01,2.793196060877349840e-01,5.878947368421052477e-01,2.672645739910313734e-01
1.000000000000000000e+00,4.397496087636932893e-01,4.834377797672336635e-02,4.331578947368421306e-01,4.663677130044843050e-02
3.333333333333333148e-01,6.145018257694313535e-01,1.790510295434198651e-01,6.068421052631578494e-01,1.784753363228699652e-01
3.333333333333333148e-01,9.598330725091289151e-02,1.342882721575649196e-01,8.631578947368420685e-02,1.408071748878923779e-01
6.666666666666666297e-01,7.052686489306208006e-01,2.112802148612354658e-01,7.047368421052631060e-01,2.107623318385650202e-01
6.666666666666666297e-01,9.937402190923317891e-01,4.127126230975828314e-01,9.889473684210526860e-01,4.134529147982062836e-01
0.000000000000000000e+00,7.417840375586854940e-01,2.515666965085049389e-01,7.405263157894736992e-01,2.511210762331838597e-01
6.666666666666666297e-01,7.845592070944183982e-01,3.697403760071620304e-01,7.894736842105263275e-01,3.560538116591928093e-01
6.666666666666666297e-01,5.863328116849243488e-01,1.718889883616830927e-01,6.078947368421052655e-01,1.775784753363228718e-01
3.333333333333333148e-01,7.433489827856024634e-01,6.060877350044763245e-01,7.421052631578947123e-01,6.080717488789237901e-01
6.666666666666666297e-01,6.880542514345331373e-01,2.202327663384064382e-01,7.347368421052631327e-01,2.493273542600896731e-01
3.333333333333333148e-01,7.616066770996347823e-02,1.602506714413607924e-01,4.473684210526315819e-02,1.614349775784753305e-01
6.666666666666666297e-01,6.807511737089202430e-01,2.712623097582810838e-01,6.763157894736842035e-01,2.744394618834080646e-01
6.666666666666666297e-01,6.374543557642149416e-01,4.592658907788719769e-01,6.242105263157894379e-01,4.511210762331838708e-01
6.666666666666666297e-01,6.786645800730307654e-01,2.121754700089525381e-01,6.747368421052631904e-01,2.134529147982062725e-01
6.666666666666666297e-01,5.837245696400625850e-01,1.718889883616830927e-01,6.036842105263158231e-01,1.766816143497757785e-01
3.333333333333333148e-01,1.570161711006781424e-01,1.056401074306177329e-01,1.273684210526315752e-01,1.058295964125560568e-01
6.666666666666666297e-01,7.777777777777777901e-01,5.040286481647269223e-01,7.757894736842104733e-01,4.986547085201793461e-01
6.666666666666666297e-01,7.965571205007824229e-01,2.238137869292748383e-01,7.831578947368420529e-01,2.134529147982062725e-01
1.000000000000000000e+00,7.256129368805425139e-01,2.023276633840644656e-01,7.215789473684210975e-01,2.053811659192825156e-01
1.000000000000000000e+00,3.698487219613980082e-01,1.163831692032229193e-01,3.594736842105263341e-01,1.147982062780269069e-01
1.000000000000000000e+00,7.657798643714136544e-01,1.978513876454789655e-01,7.621052631578947301e-01,1.928251121076233199e-01
6.666666666666666297e-01,4.585289514866979776e-01,1.190689346463742193e-01,4.621052631578947412e-01,1.174887892376681592e-01
3.333333333333333148e-01,7.000521648408972730e-01,3.106535362578334847e-01,6.852631578947367963e-01,3.103139013452914652e-01
6.666666666666666297e-01,6.750130412102243183e-01,4.941808415398388776e-01,6.626315789473684603e-01,4.843049327354260192e-01
3.333333333333333148e-01,7.506520605112154687e-01,3.169203222918531848e-01,7.468421052631578627e-01,3.139013452914798386e-01
6.666666666666666297e-01,9.441836202399582767e-01,3.733213965980304305e-01,9.394736842105263497e-01,3.668161434977578739e-01
6.666666666666666297e-01,5.550339071465831831e-01,2.990152193375111844e-01,5.594736842105263452e-01,2.977578475336322694e-01
0.000000000000000000e+00,7.339593114241002025e-01,5.228290062667860782e-01,6.789473684210526327e-01,4.977578475336322805e-01
6.666666666666666297e-01,1.799687010954616473e-01,1.495076096687555922e-01,1.684210526315789436e-01,1.408071748878923779e-01
6.666666666666666297e-01,9.530516431924882514e-01,4.064458370635631312e-01,9.515789473684210797e-01,3.910313901345291443e-01
3.333333333333333148e-01,7.412623891497130968e-01,1.611459265890778925e-01,7.426315789473684204e-01,1.632286995515695172e-01
6.666666666666666297e-01,5.487741262389149721e-01,2.990152193375111844e-01,5.484210526315789203e-01,2.986547085201793905e-01
3.333333333333333148e-01,1.935315597287428357e-01,2.318710832587287385e-01,1.894736842105263219e-01,2.116591928251121135e-01
6.666666666666666297e-01,7.402190923317684135e-01,2.533572068039391390e-01,7.378947368421052699e-01,2.654708520179372422e-01
6.666666666666666297e-01,5.644235785080855550e-01,4.798567591763652773e-01,5.426315789473684648e-01,4.869955156950672714e-01
1.000000000000000000e+00,8.403755868544601215e-01,5.362578334825425230e-01,8.384210526315789558e-01,5.345291479820627467e-01
3.333333333333333148e-01,7.819509650495566344e-01,4.905998209489704776e-01,7.789473684210526105e-01,4.914798206278027104e-01
3.333333333333333148e-01,7.334376630151278054e-01,3.169203222918531848e-01,7.136842105263158098e-01,3.219730941704035954e-01
1.000000000000000000e+00,7.412623891497130968e-01,1.924798567591763654e-01,7.252631578947368318e-01,1.829596412556053764e-01
6.666666666666666297e-01,1.851851851851851749e-01,1.808415398388540651e-01,1.831578947368421029e-01,1.408071748878923779e-01
0.000000000000000000e+00,7.897756911841419258e-01,3.106535362578334847e-01,7.947368421052631859e-01,3.291479820627802866e-01
6.666666666666666297e-01,9.144496609285341915e-01,3.384064458370635853e-01,9.236842105263157743e-01,3.426008968609865479e-01
1.000000000000000000e+00,5.070422535211267512e-01,2.945389435989256843e-01,4.857894736842105488e-01,2.932735426008968860e-01
6.666666666666666297e-01,9.796557120500782867e-01,4.118173679498657314e-01,9.926315789473684204e-01,4.125560538116592180e-01
1.000000000000000000e+00,2.670839853938445363e-01,7.430617726051924610e-02,2.578947368421052877e-01,7.174887892376681509e-02
1.000000000000000000e+00,3.667188315075639027e-01,1.163831692032229158e-02,3.552631578947368363e-01,1.434977578475336336e-02
3.333333333333333148e-01,1.695357329160146198e-01,2.757385854968665839e-01,1.736842105263158020e-01,2.618834080717488688e-01
6.666666666666666297e-01,7.767344809598331068e-01,2.211280214861235383e-01,7.668421052631578805e-01,2.215246636771300570e-01
3.333333333333333148e-01,7.480438184663537049e-01,3.115487914055505847e-01,7.347368421052631327e-01,3.067264573991031473e-01
6.666666666666666297e-01,6.838810641627542930e-01,2.981199641897940844e-01,6.884210526315789336e-01,2.995515695067264561e-01
6.666666666666666297e-01,6.807511737089202430e-01,2.238137869292748383e-01,6.847368421052631993e-01,2.152466367713004591e-01
1.000000000000000000e+00,2.603025560772039837e-01,1.396598030438674920e-01,2.563157894736842191e-01,1.228699551569506776e-01
3.333333333333333148e-01,7.929055816379759758e-01,3.760071620411817306e-01,7.826315789473684559e-01,3.668161434977578739e-01
6.666666666666666297e-01,7.245696400625978306e-01,2.130707251566696381e-01,7.221052631578946945e-01,2.161434977578475247e-01
6.666666666666666297e-01,7.845592070944183982e-01,4.467323187108325766e-01,7.826315789473684559e-01,4.322869955156950494e-01
6.666666666666666297e-01,4.100156494522691486e-01,5.890778871978513687e-01,4.142105263157894735e-01,5.542600896860986337e-01
6.666666666666666297e-01,5.712050078247261631e-01,2.784243509400178840e-01,5.610526315789473584e-01,2.762331838565022513e-01
3.333333333333333148e-01,7.350026082420448859e-01,7.555953446732318612e-01,7.468421052631578627e-01,7.829596412556053542e-01
1.000000000000000000e+00,7.240479916536254335e-01,2.157564905998209381e-01,7.221052631578946945e-01,2.008968609865470767e-01
3.333333333333333148e-01,7.678664580073031320e-01,4.852282900626678774e-01,7.657894736842105754e-01,4.816143497757847669e-01
6.666666666666666297e-01,7.245696400625978306e-01,2.068039391226499657e-01,7.215789473684210975e-01,2.089686098654708613e-01
3.333333333333333148e-01,4.345331246739697617e-01,1.217547000895255194e-01,4.173684210526315552e-01,1.201793721973094115e-01
1.000000000000000000e+00,2.618675013041210087e-01,8.325872873769024629e-02,2.552631578947368585e-01,8.340807174887891751e-02
3.333333333333333148e-01,8.508085550339071768e-01,4.825425246195165774e-01,8.478947368421052566e-01,4.780269058295963935e-01
6.666666666666666297e-01,6.875326030255607401e-01,1.880035810205908653e-01,6.857894736842105043e-01,1.928251121076233199e-01
6.666666666666666297e-01,2.910798122065727522e-01,9.480752014324081989e-01,2.847368421052631771e-01,9.569506726457399637e-01
1.000000000000000000e+00,2.723004694835680639e-01,7.609668755595344614e-02,2.647368421052631593e-01,7.623318385650224016e-02
6.666666666666666297e-01,5.086071987480438317e-01,4.628469113697403770e-01,4.457894736842105132e-01,4.439461883408071796e-01
6.666666666666666297e-01,5.925925925925925597e-01,4.359892569382273764e-01,5.752631578947368096e-01,4.493273542600896842e-01
3.333333333333333148e-01,7.423056859676577801e-01,5.801253357206803685e-01,7.457894736842105576e-01,5.856502242152465953e-01
0.000000000000000000e+00,8.195096504955660111e-01,5.290957923008057229e-01,8.347368421052631104e-01,5.183856502242152331e-01
3.333333333333333148e-01,6.416275430359937859e-01,1.799462846911369651e-01,6.300000000000000044e-01,1.784753363228699652e-01
6.666666666666666297e-01,7.068335941575377701e-01,2.211280214861235383e-01,7.036842105263158009e-01,2.080717488789237679e-01
6.666666666666666297e-01,5.957224830464267207e-01,2.632050134288272392e-01,6.031578947368421151e-01,2.591928251121076165e-01
1.000000000000000000e+00,3.500260824204486365e-01,5.550581915846015957e-02,3.415789473684210376e-01,4.843049327354260331e-02
3.333333333333333148e-01,7.683881064162754182e-01,8.012533572068039067e-01,7.863157894736841902e-01,8.206278026905829970e-01
6.666666666666666297e-01,7.485654668753259910e-01,3.634735899731423303e-01,7.484210526315789869e-01,3.623318385650224349e-01
3.333333333333333148e-01,7.475221700573813077e-01,7.287376902417188607e-01,7.405263157894736992e-01,7.363228699551569445e-01
3.333333333333333148e-01,4.585289514866979776e-01,1.217547000895255194e-01,4.457894736842105132e-01,1.201793721973094115e-01
6.666666666666666297e-01,8.075117370892018753e-01,2.712623097582810838e-01,8.057894736842104999e-01,2.663677130044843078e-01
0.000000000000000000e+00,7.756911841418883125e-01,5.138764547896150781e-01,7.726315789473684470e-01,5.165919282511211019e-01
6.666666666666666297e-01,7.913406364110588953e-01,3.070725156669650846e-01,7.884210526315789114e-01,3.085201793721973340e-01
3.333333333333333148e-01,7.308294209702660416e-01,5.649059982094897236e-01,7.315789473684211064e-01,5.713004484304933239e-01
3.333333333333333148e-01,8.075117370892018753e-01,5.953446732318711243e-01,7.968421052631579071e-01,6.098654708520179213e-01
6.666666666666666297e-01,7.412623891497130968e-01,2.676812891674127393e-01,7.394736842105262831e-01,2.663677130044843078e-01
1.000000000000000000e+00,2.733437663015128027e-01,7.341092211280214608e-02,2.647368421052631593e-01,7.713004484304933350e-02
3.333333333333333148e-01,6.510172143974960468e-01,2.291853178155774384e-01,6.478947368421053010e-01,2.116591928251121135e-01
6.666666666666666297e-01,1.784037558685445946e-01,1.539838854073410923e-01,1.705263157894736925e-01,1.524663677130044803e-01
6.666666666666666297e-01,8.111632759520083225e-01,3.052820053715308846e-01,8.047368421052631948e-01,2.914798206278026993e-01
3.333333333333333148e-01,4.486176317162232641e-01,2.139659803043867381e-01,4.652631578947368229e-01,2.179372197309417114e-01
6.666666666666666297e-01,2.863849765258216218e-01,8.979409131602507088e-01,2.710526315789473784e-01,9.381165919282511423e-01
3.333333333333333148e-01,9.238393322900365634e-01,6.777081468218442151e-01,9.205263157894736370e-01,6.726457399103139556e-01
6.666666666666666297e-01,3.187271778821074708e-01,7.663384064458370615e-01,3.189473684210526461e-01,7.811659192825112230e-01
6.666666666666666297e-01,7.042253521126760063e-01,2.426141450313339387e-01,6.999999999999999556e-01,2.412556053811659162e-01
6.666666666666666297e-01,7.329160146061554082e-01,1.504028648164726922e-01,7.163157894736842390e-01,1.569506726457399193e-01
6.666666666666666297e-01,2.023995826812728105e-01,3.813786929274843307e-01,2.042105263157894812e-01,3.515695067264574258e-01
6.666666666666666297e-01,7.261345852895149111e-01,2.372426141450313386e-01,7.236842105263158187e-01,2.394618834080717573e-01
3.333333333333333148e-01,7.803860198226395539e-01,4.843330349149507774e-01,7.794736842105263186e-01,4.843049327354260192e-01
6.666666666666666297e-01,3.458528951486697922e-01,4.073410922112802313e-01,3.342105263157894579e-01,4.044843049327354056e-01
1.000000000000000000e+00,2.775169535732915915e-01,4.118173679498657314e-02,2.647368421052631593e-01,4.484304932735425769e-02
6.666666666666666297e-01,6.906624934793949011e-01,5.102954341987466780e-01,6.773684210526316196e-01,4.995515695067264672e-01
1.000000000000000000e+00,7.240479916536254335e-01,2.130707251566696381e-01,7.215789473684210975e-01,2.143497757847533658e-01
6.666666666666666297e-01,3.291601460615545260e-01,8.066248880931065068e-01,3.268421052631578783e-01,7.973094170403587366e-01
6.666666666666666297e-01,8.106416275430360363e-01,2.354521038495971386e-01,7.831578947368420529e-01,2.125560538116591791e-01
6.666666666666666297e-01,7.683881064162754182e-01,2.076991942703670657e-01,7.631578947368421462e-01,2.062780269058296090e-01
6.666666666666666297e-01,7.944705268648930563e-01,2.417188898836168387e-01,7.936842105263157698e-01,2.412556053811659162e-01
3.333333333333333148e-01,7.073552425665101673e-01,2.175470008952551382e-01,7.057894736842105221e-01,1.937219730941704132e-01
3.333333333333333148e-01,1.095461658841940522e-01,2.408236347358997387e-01,1.215789473684210503e-01,2.493273542600896731e-01
6.666666666666666297e-01,7.104851330203443283e-01,1.718889883616830927e-01,7.084210526315789513e-01,1.542600896860986670e-01
6.666666666666666297e-01,2.342201356285863456e-01,2.802148612354520840e-01,2.389473684210526305e-01,2.367713004484305050e-01
0.000000000000000000e+00,8.362023995826812772e-01,3.616830796777081303e-01,8.521052631578946990e-01,4.215246636771300404e-01
3.333333333333333148e-01,4.861763171622326407e-01,1.217547000895255194e-01,4.731578947368421106e-01,1.201793721973094115e-01
3.333333333333333148e-01,5.346896191966614698e-01,1.253357206803939194e-01,5.089473684210525928e-01,1.201793721973094115e-01
6.666666666666666297e-01,8.356807511737088801e-01,2.775290957923007840e-01,8.284210526315789469e-01,2.547085201793721776e-01
3.333333333333333148e-01,8.403755868544601215e-01,5.461056401074305677e-01,8.384210526315789558e-01,5.408071748878924279e-01
3.333333333333333148e-01,8.607198748043818348e-01,9.650850492390331548e-01,8.584210526315789735e-01,9.713004484304932351e-01
3.333333333333333148e-01,7.730829420970265486e-01,5.434198746642793232e-01,7.747368421052631682e-01,5.470852017937219980e-01
1.000000000000000000e+00,2.623891497130933503e-01,8.863025962399283253e-02,2.515789473684210686e-01,9.147982062780268819e-02
3.333333333333333148e-01,7.360459050599895692e-01,5.998209489704565689e-01,7.363157894736842568e-01,6.053811659192824823e-01
3.333333333333333148e-01,9.337506520605112770e-02,1.557743957027752923e-01,8.105263157894736226e-02,1.551569506726457326e-01
0.000000000000000000e+00,4.846113719353156157e-01,7.878245299910474619e-02,4.863157894736842013e-01,1.067264573991031362e-01
6.666666666666666297e-01,8.257694314032342220e-01,2.757385854968665839e-01,8.284210526315789469e-01,2.753363228699551302e-01
6.666666666666666297e-01,7.777777777777777901e-01,2.748433303491494839e-01,7.763157894736841813e-01,2.744394618834080646e-01
3.333333333333333148e-01,7.908189880020866092e-01,5.496866606982989678e-01,7.947368421052631859e-01,5.488789237668161292e-01
6.666666666666666297e-01,6.092853416797078259e-01,4.449418084153983766e-01,6.026315789473684070e-01,4.430493273542601140e-01
0.000000000000000000e+00,6.296296296296296502e-01,1.763652641002685650e-01,6.484210526315788981e-01,1.748878923766816196e-01
3.333333333333333148e-01,6.510172143974960468e-01,2.569382273948075390e-01,6.473684210526315930e-01,2.331838565022421594e-01
6.666666666666666297e-01,4.606155451225873998e-01,9.668755595344673270e-02,4.526315789473684403e-01,8.520179372197309031e-02
1.000000000000000000e+00,2.524778299426186923e-01,1.253357206803939194e-01,2.421052631578947401e-01,1.443946188340807235e-01
6.666666666666666297e-01,4.480959833072509224e-01,6.982990152193374600e-02,4.363157894736842124e-01,7.713004484304933350e-02
3.333333333333333148e-01,8.106416275430360363e-01,3.894359892569382309e-01,7.936842105263157698e-01,3.775784753363228829e-01
6.666666666666666297e-01,8.080333854981742725e-01,2.560429722470904390e-01,8.057894736842104999e-01,2.367713004484305050e-01
6.666666666666666297e-01,2.952529994783515965e-01,9.973142345568487555e-01,2.878947368421052588e-01,1.000000000000000000e+00
6.666666666666666297e-01,8.116849243609807196e-01,3.213965980304386849e-01,8.094736842105263452e-01,3.174887892376681564e-01
6.666666666666666297e-01,5.691184141888366854e-01,2.990152193375111844e-01,5.763157894736842257e-01,2.977578475336322694e-01
6.666666666666666297e-01,7.824726134585289206e-01,4.162936436884512315e-01,7.800000000000000266e-01,3.982062780269058355e-01
0.000000000000000000e+00,7.490871152842983882e-01,4.995523724261414777e-01,7.536842105263157343e-01,4.968609865470852149e-01
1.000000000000000000e+00,2.905581637976004106e-01,1.056401074306177329e-01,2.889473684210526194e-01,1.031390134529148045e-01
1.000000000000000000e+00,2.717788210745957223e-01,6.087735004476275968e-02,2.668421052631578805e-01,6.098654708520179213e-02
6.666666666666666297e-01,3.364632237871674758e-01,7.905102954341987065e-01,3.426315789473683981e-01,7.641255605381166438e-01
6.666666666666666297e-01,8.476786645800730158e-01,3.410922112802148853e-01,8.521052631578946990e-01,3.121076233183856519e-01
6.666666666666666297e-01,5.299947835159102283e-01,2.282900626678603384e-01,5.252631578947368762e-01,2.376681614349775706e-01
6.666666666666666297e-01,8.476786645800730158e-01,5.147717099373321226e-01,8.394736842105262609e-01,5.183856502242152331e-01
3.333333333333333148e-01,4.105372978612415458e-01,1.495076096687555922e-01,4.047368421052631726e-01,1.488789237668161347e-01
6.666666666666666297e-01,7.470005216484090216e-01,4.476275738585496766e-01,7.436842105263158365e-01,4.556053811659193098e-01
3.333333333333333148e-01,7.558685446009389963e-01,8.379588182632050630e-01,7.584210526315789958e-01,8.367713004484305106e-01
6.666666666666666297e-01,7.824726134585289206e-01,3.231871083258728850e-01,7.457894736842105576e-01,4.269058295964125449e-01
6.666666666666666297e-01,7.350026082420448859e-01,3.384064458370635853e-01,7.336842105263158276e-01,3.614349775784753138e-01
6.666666666666666297e-01,6.807511737089202430e-01,1.718889883616830927e-01,6.878947368421052255e-01,1.668161434977578350e-01
6.666666666666666297e-01,3.333333333333333148e-01,7.994628469113697067e-01,3.173684210526315774e-01,8.179372197309416892e-01
6.666666666666666297e-01,8.002086593635889811e-01,2.444046553267681388e-01,8.010526315789473495e-01,2.430493273542601029e-01
3.333333333333333148e-01,7.772561293688053929e-01,5.478961504028647678e-01,7.736842105263157521e-01,5.461883408071749324e-01
6.666666666666666297e-01,2.832550860719874608e-01,9.077887197851387535e-01,2.884210526315789669e-01,8.753363228699551080e-01
6.666666666666666297e-01,5.941575378195096402e-01,3.992837958818263311e-01,5.799999999999999600e-01,4.385650224215246751e-01
3.333333333333333148e-01,8.122065727699530058e-01,9.158460161145927092e-01,8.021052631578947656e-01,8.995515695067264339e-01
1.000000000000000000e+00,7.595200834637454435e-01,2.085944494180841657e-01,7.636842105263157432e-01,2.008968609865470767e-01
6.666666666666666297e-01,5.581637976004173440e-01,2.981199641897940844e-01,5.668421052631579249e-01,2.977578475336322694e-01
1.000000000000000000e+00,7.318727177882107249e-01,1.799462846911369651e-01,7.352631578947368407e-01,1.802690582959641241e-01
6.666666666666666297e-01,8.784559207094417843e-01,3.357206803939122852e-01,8.610526315789474028e-01,3.524663677130044914e-01
1.000000000000000000e+00,3.714136671883150886e-01,1.504028648164726922e-01,3.742105263157894934e-01,1.506726457399103214e-01
6.666666666666666297e-01,7.683881064162754182e-01,2.238137869292748383e-01,7.631578947368421462e-01,2.269058295964125616e-01
1.000000000000000000e+00,3.468961919666144755e-01,4.476275738585496627e-02,3.310526315789473761e-01,3.766816143497758035e-02
6.666666666666666297e-01,4.303599374021909174e-01,4.279319606087734762e-01,3.936842105263158031e-01,4.170403587443946014e-01
1.000000000000000000e+00,4.606155451225873998e-01,9.221128021486123261e-02,4.552631578947368696e-01,7.443946188340806736e-02
3.333333333333333148e-01,7.355242566510172830e-02,1.584601611459265924e-01,7.842105263157894690e-02,1.479820627802690691e-01
0.000000000000000000e+00,7.146583202921230615e-01,2.444046553267681388e-01,7.342105263157894246e-01,2.484304932735426075e-01
6.666666666666666297e-01,9.577464788732393819e-01,4.341987466427931763e-01,9.515789473684210797e-01,4.125560538116592180e-01
3.333333333333333148e-01,9.494001043296818043e-02,1.459265890778871921e-01,8.210526315789473673e-02,1.937219730941704132e-01
1.000000000000000000e+00,4.872196139801773795e-01,2.945389435989256843e-01,4.821052631578947589e-01,2.923766816143497649e-01
1.000000000000000000e+00,5.326030255607719921e-01,3.088630259623992846e-01,5.200000000000000178e-01,2.968609865470852038e-01
1.000000000000000000e+00,2.780386019822639332e-01,9.400179051029543265e-02,2.868421052631578982e-01,7.623318385650224016e-02
6.666666666666666297e-01,8.231611893583724582e-01,2.882721575649059842e-01,8.242105263157895045e-01,2.869955156950672603e-01
6.666666666666666297e-01,4.517475221700573695e-01,8.504923903312444633e-02,4.426315789473684315e-01,7.802690582959641297e-02
6.666666666666666297e-01,7.683881064162754182e-01,1.951656222023276654e-01,7.621052631578947301e-01,1.883408071748878809e-01
3.333333333333333148e-01,8.215962441314553777e-01,5.496866606982989678e-01,8.105263157894736503e-01,5.426008968609865590e-01
6.666666666666666297e-01,7.871674491392801620e-01,3.777976723366159306e-01,7.842105263157894690e-01,3.695067264573991261e-01
1.000000000000000000e+00,2.816901408450704358e-01,3.760071620411817306e-02,2.715789473684210309e-01,3.856502242152466675e-02
6.666666666666666297e-01,8.127282211789254029e-01,2.390331244404655386e-01,7.968421052631579071e-01,2.242152466367713093e-01
0.000000000000000000e+00,8.398539384454877244e-01,5.219337511190689227e-01,8.384210526315789558e-01,5.372197309417040545e-01
1.000000000000000000e+00,4.491392801251956057e-01,1.217547000895255194e-01,4.394736842105262942e-01,1.201793721973094115e-01
6.666666666666666297e-01,3.693270735524256665e-01,4.189794091316025315e-01,3.584210526315789735e-01,4.161434977578475358e-01
0.000000000000000000e+00,8.403755868544601215e-01,5.434198746642793232e-01,8.389473684210526638e-01,5.452914798206277558e-01
1.000000000000000000e+00,5.289514866979655450e-01,1.226499552372426194e-01,5.021052631578947212e-01,1.201793721973094115e-01
6.666666666666666297e-01,3.025560772039645463e-01,8.683974932855863527e-01,2.947368421052631304e-01,8.681614349775784722e-01
3.333333333333333148e-01,8.680229525299947291e-01,8.146821844225604625e-01,8.863157894736841680e-01,8.179372197309416892e-01
0.000000000000000000e+00,7.490871152842983882e-01,5.076096687555953224e-01,7.463157894736842657e-01,5.013452914798206539e-01
3.333333333333333148e-01,7.099634846113719311e-01,1.611459265890778925e-01,7.078947368421052433e-01,1.381165919282511256e-01
6.666666666666666297e-01,7.871674491392801620e-01,3.777976723366159306e-01,7.842105263157894690e-01,3.766816143497757619e-01
3.333333333333333148e-01,8.930620761606676838e-01,8.191584601611459071e-01,9.121052631578947523e-01,8.044843049327353723e-01
3.333333333333333148e-01,9.024517475221700835e-02,1.477170993733213922e-01,8.315789473684211119e-02,1.452914798206277891e-01
6.666666666666666297e-01,8.132498695878978001e-01,2.372426141450313386e-01,8.173684210526316329e-01,2.412556053811659162e-01
1.000000000000000000e+00,4.001043296817944905e-01,0.000000000000000000e+00,3.815789473684210731e-01,0.000000000000000000e+00
1.000000000000000000e+00,4.595722483046426610e-01,6.982990152193374600e-02,4.389473684210526416e-01,5.560538116591928065e-02
6.666666666666666297e-01,1.000000000000000000e+00,4.127126230975828314e-01,1.000000000000000000e+00,4.116591928251120969e-01
6.666666666666666297e-01,7.939488784559206591e-01,2.220232766338406383e-01,7.868421052631578982e-01,2.170403587443946181e-01
1.000000000000000000e+00,3.922796035472091991e-01,1.530886302596239923e-01,3.863157894736842235e-01,1.524663677130044803e-01
6.666666666666666297e-01,6.557120500782472883e-01,1.781557743957027651e-01,6.652631578947368896e-01,1.757847533632287129e-01
3.333333333333333148e-01,7.668231611893583377e-01,4.977618621307072777e-01,7.642105263157894512e-01,4.941704035874439627e-01
6.666666666666666297e-01,7.146583202921230615e-01,1.208594449418084193e-01,7.157894736842105310e-01,1.183856502242152525e-01
6.666666666666666297e-01,7.057902973395930868e-01,2.990152193375111844e-01,7.015789473684210797e-01,3.228699551569506609e-01
1.000000000000000000e+00,3.317683881064162899e-01,1.128021486123545192e-01,3.173684210526315774e-01,1.094170403587443885e-01
6.666666666666666297e-01,8.362023995826812772e-01,5.219337511190689227e-01,8.326315789473683893e-01,5.219730941704036065e-01
6.666666666666666297e-01,6.995305164319248759e-01,2.417188898836168387e-01,6.936842105263157920e-01,2.394618834080717573e-01
6.666666666666666297e-01,8.659363588941053624e-01,3.957027752909579310e-01,8.468421052631578405e-01,4.295964125560537972e-01
1.000000000000000000e+00,3.291601460615545260e-01,4.923903312444046637e-02,3.252631578947368651e-01,5.022421524663676917e-02
1.000000000000000000e+00,8.309859154929577496e-01,5.246195165622202783e-01,8.157894736842105088e-01,5.300448430493273078e-01
1.000000000000000000e+00,3.229003651538862596e-01,1.074306177260519191e-01,3.268421052631578783e-01,1.085201793721973090e-01
1.000000000000000000e+00,5.545122587376108969e-01,1.692032229185317926e-01,5.389473684210526194e-01,1.479820627802690691e-01
6.666666666666666297e-01,2.321335419926969235e-01,3.795881826320501307e-01,2.099999999999999922e-01,3.775784753363228829e-01
3.333333333333333148e-01,7.094418362023995339e-01,1.835273052820053652e-01,7.068421052631579382e-01,1.775784753363228718e-01
6.666666666666666297e-01,8.137715179968700863e-01,2.927484333034914843e-01,8.126315789473683715e-01,2.914798206278026993e-01
3.333333333333333148e-01,7.605633802816901268e-01,6.544315129811996146e-01,7.757894736842104733e-01,6.547085201793721998e-01
0.000000000000000000e+00,7.819509650495566344e-01,4.879140555058191775e-01,7.768421052631578894e-01,4.986547085201793461e-01
3.333333333333333148e-01,8.033385498174230310e-01,6.034019695613249690e-01,8.094736842105263452e-01,5.910313901345290999e-01
1.000000000000000000e+00,4.392279603547208922e-01,3.760071620411817306e-02,4.342105263157894912e-01,1.883408071748879017e-02
6.666666666666666297e-01,4.595722483046426610e-01,1.647269471799462925e-01,4.542105263157894535e-01,1.524663677130044803e-01
6.666666666666666297e-01,4.887845592070944045e-01,1.199641897940913193e-01,4.889473684210526305e-01,1.192825112107623320e-01
6.666666666666666297e-01,7.417840375586854940e-01,2.614145031333930391e-01,7.394736842105262831e-01,2.573991031390134299e-01
6.666666666666666297e-01,7.089201877934272478e-01,2.506714413607878389e-01,7.047368421052631060e-01,2.618834080717488688e-01
6.666666666666666297e-01,5.279081898800208617e-01,2.157564905998209381e-01,5.247368421052631682e-01,2.215246636771300570e-01
6.666666666666666297e-01,5.101721439749609122e-01,1.208594449418084193e-01,5.252631578947368762e-01,1.201793721973094115e-01
1.000000000000000000e+00,2.550860719874804561e-01,1.136974037600716192e-01,2.478947368421052511e-01,1.147982062780269069e-01
0.000000000000000000e+00,8.455920709441836491e-01,5.541629364368845234e-01,8.442105263157895223e-01,5.668161434977578850e-01
3.333333333333333148e-01,7.736045905059989458e-01,5.237242614145031228e-01,7.757894736842104733e-01,5.004484304932735883e-01
3.333333333333333148e-01,5.957224830464267207e-01,1.745747538048343650e-01,5.442105263157894779e-01,1.605381165919282649e-01
3.333333333333333148e-01,7.344809598330724887e-01,6.275738585496866140e-01,7.489473684210525839e-01,6.448430493273542563e-01
3.333333333333333148e-01,7.276995305164318806e-01,6.239928379588182139e-01,7.263157894736842479e-01,6.251121076233183693e-01
3.333333333333333148e-01,1.053729786124152357e-01,9.221128021486123261e-02,9.157894736842105143e-02,9.147982062780268819e-02
1.000000000000000000e+00,2.634324465310380892e-01,9.042076991942703257e-02,2.557894736842105110e-01,8.968609865470851539e-02
3.333333333333333148e-01,8.925404277516953977e-01,8.102059086839749069e-01,8.884210526315790002e-01,8.170403587443946236e-01
6.666666666666666297e-01,6.890975482524778206e-01,1.987466427931960655e-01,6.836842105263157832e-01,2.053811659192825156e-01
3.333333333333333148e-01,2.065727699530516548e-01,1.915846016114592654e-01,2.163157894736842113e-01,1.955156950672645721e-01
3.333333333333333148e-01,8.596765779864371515e-01,9.749328558639211995e-01,8.584210526315789735e-01,9.721973094170404117e-01
3.333333333333333148e-01,3.025560772039645116e-02,1.620411817367949925e-01,3.894736842105263330e-02,1.596412556053811715e-01
0.000000000000000000e+00,5.795513823682837407e-01,1.700984780662488927e-01,5.994736842105262697e-01,1.721973094170403673e-01
0.000000000000000000e+00,8.247261345852895387e-01,3.330349149507609852e-01,8.284210526315789469e-01,3.470852017937219869e-01
6.666666666666666297e-01,3.609806990088680334e-01,7.135183527305282158e-01,3.947368421052631637e-01,6.286995515695067427e-01
3.333333333333333148e-01,7.725612936880542625e-01,5.470008952551477233e-01,7.705263157894737258e-01,5.300448430493273078e-01
0.000000000000000000e+00,8.513302034428794629e-01,5.129811996418979225e-01,8.478947368421052566e-01,5.147982062780268597e-01
3.333333333333333148e-01,8.424621804903494882e-01,9.516562220232765990e-01,8.510526315789473939e-01,9.721973094170404117e-01
3.333333333333333148e-01,8.315075639019301468e-01,5.246195165622202783e-01,8.247368421052632126e-01,5.255605381165919798e-01
6.666666666666666297e-01,2.921231090245174911e-01,1.000000000000000000e+00,2.821052631578947478e-01,9.919282511210761877e-01
6.666666666666666297e-01,8.262910798122066192e-01,2.766338406445836839e-01,8.115789473684210664e-01,2.717488789237668123e-01
6.666666666666666297e-01,7.788210745957224734e-01,4.950760966875559776e-01,7.768421052631578894e-01,4.914798206278027104e-01
6.666666666666666297e-01,8.169014084507042472e-01,2.900626678603401842e-01,8.189473684210526461e-01,2.860986547085201948e-01
6.666666666666666297e-01,6.395409494001043083e-01,4.628469113697403770e-01,6.342105263157894468e-01,4.600896860986546932e-01
3.333333333333333148e-01,8.482003129890454129e-01,4.476275738585496766e-01,8.415789473684210931e-01,4.385650224215246751e-01
6.666666666666666297e-01,7.704747000521648959e-01,3.536257833482542301e-01,7.494736842105262919e-01,3.219730941704035954e-01
3.333333333333333148e-01,6.280646844027125697e-01,1.790510295434198651e-01,6.168421052631578583e-01,1.775784753363228718e-01
6.666666666666666297e-01,7.136150234741783782e-01,2.041181736794986656e-01,7.094736842105263674e-01,2.134529147982062725e-01
6.666666666666666297e-01,8.680229525299947291e-01,3.330349149507609852e-01,8.778947368421052833e-01,3.327354260089686044e-01
6.666666666666666297e-01,9.947835159102764724e-01,4.341987466427931763e-01,9.899999999999999911e-01,4.340807174887892361e-01
6.666666666666666297e-01,9.467918622848200405e-01,3.733213965980304305e-01,9.589473684210526594e-01,3.802690582959641352e-01
3.333333333333333148e-01,8.403755868544601215e-01,5.282005371530886784e-01,8.378947368421052477e-01,5.246636771300448032e-01
6.666666666666666297e-01,2.477829942618675063e-01,2.282900626678603384e-01,2.405263157894736714e-01,1.955156950672645721e-01
1.000000000000000000e+00,2.561293688054251394e-01,1.020590868397493328e-01,2.489473684210526394e-01,1.040358744394618840e-01
6.666666666666666297e-01,7.417840375586854940e-01,1.611459265890778925e-01,7.368421052631578538e-01,1.569506726457399193e-01
6.666666666666666297e-01,2.806468440271256970e-01,9.435989256938227543e-01,2.700000000000000178e-01,9.372197309417040767e-01
6.666666666666666297e-01,7.376108502869066497e-01,5.246195165622202783e-01,6.910526315789473628e-01,5.139013452914797941e-01
3.333333333333333148e-01,0.000000000000000000e+00,1.727842435094001927e-01,0.000000000000000000e+00,1.641255605381165827e-01
6.666666666666666297e-01,7.840375586854460010e-01,2.094897045658012658e-01,7.694736842105263097e-01,2.044843049327354223e-01
1.000000000000000000e+00,3.463745435576421339e-01,1.128021486123545192e-01,3.468421052631578960e-01,1.130044843049327341e-01
0.000000000000000000e+00,8.017736045905059505e-01,5.282005371530886784e-01,8.031578947368420707e-01,5.282511210762331766e-01
6.666666666666666297e-01,1.945748565466875191e-01,1.351835273052819919e-01,1.905263157894736825e-01,1.139013452914798274e-01
6.666666666666666297e-01,7.678664580073031320e-01,2.327663384064458385e-01,7.600000000000000089e-01,2.286995515695067205e-01
1.000000000000000000e+00,3.333333333333333148e-01,4.297224709042077317e-02,3.226315789473684359e-01,4.484304932735425769e-02
3.333333333333333148e-01,8.675013041210224429e-01,5.711727842435093683e-01,8.657894736842105532e-01,5.578475336322870071e-01
1.000000000000000000e+00,7.600417318727178406e-01,1.853178155774395652e-01,7.552631578947368585e-01,1.829596412556053764e-01
6.666666666666666297e-01,7.673448095983307349e-01,3.482542524619516300e-01,7.684210526315788936e-01,3.408071748878923612e-01
3.333333333333333148e-01,6.765779864371413987e-01,3.142345568487018848e-01,6.663157894736841946e-01,3.085201793721973340e-01
1.000000000000000000e+00,2.597809076682315865e-01,1.172784243509400193e-01,2.621052631578947301e-01,1.112107623318385613e-01
0.000000000000000000e+00,7.736045905059989458e-01,4.807520143240823773e-01,7.773684210526315974e-01,4.825112107623318325e-01
6.666666666666666297e-01,5.305164319248826255e-01,1.217547000895255194e-01,5.347368421052631771e-01,1.327354260089686211e-01
6.666666666666666297e-01,4.600938967136150026e-01,1.495076096687555922e-01,4.552631578947368696e-01,1.156950672645739864e-01
6.666666666666666297e-01,4.053208137715180182e-01,6.204118173679498138e-01,4.015789473684210353e-01,6.125560538116592291e-01
6.666666666666666297e-01,5.748565466875326102e-01,2.793196060877349840e-01,5.689473684210526461e-01,2.771300448430493168e-01
6.666666666666666297e-01,6.703182055294731878e-01,1.790510295434198651e-01,6.768421052631579116e-01,1.704035874439461806e-01
6.666666666666666297e-01,7.428273343766301773e-01,2.578334825425246390e-01,7.415789473684210042e-01,2.412556053811659162e-01
3.333333333333333148e-01,7.699530516431924987e-01,4.986571172784243777e-01,7.652631578947368673e-01,4.977578475336322805e-01
3.333333333333333148e-01,4.350547730829421034e-01,2.023276633840644656e-01,4.299999999999999933e-01,2.089686098654708613e-01
0.000000000000000000e+00,8.466353677621283325e-01,4.440465532676812765e-01,8.499999999999999778e-01,4.582959641255605621e-01
6.666666666666666297e-01,4.407929055816379726e-01,8.773500447627573251e-02,4.326315789473684226e-01,1.085201793721973090e-01
6.666666666666666297e-01,5.889410537297861126e-01,2.999104744852282844e-01,5.857894736842105265e-01,2.798206278026905691e-01
6.666666666666666297e-01,5.430359937402190473e-01,4.879140555058191775e-01,5.163157894736841724e-01,4.753363228699551413e-01
6.666666666666666297e-01,6.071987480438184592e-01,3.285586392121754851e-01,6.026315789473684070e-01,3.372197309417040434e-01
6.666666666666666297e-01,7.595200834637454435e-01,2.354521038495971386e-01,7.563157894736841635e-01,2.403587443946188229e-01
6.666666666666666297e-01,5.294731351069379421e-01,2.757385854968665839e-01,5.278947368421053055e-01,2.977578475336322694e-01
0.000000000000000000e+00,5.101721439749609122e-01,1.199641897940913193e-01,5.115789473684210220e-01,1.183856502242152525e-01
6.666666666666666297e-01,7.976004173187272173e-01,3.482542524619516300e-01,7.968421052631579071e-01,3.452914798206278002e-01
1.000000000000000000e+00,7.537819509650495187e-01,1.915846016114592654e-01,7.500000000000000000e-01,1.910313901345291610e-01
6.666666666666666297e-01,9.702660406885759148e-01,4.118173679498657314e-01,9.757894736842105399e-01,4.116591928251120969e-01
0.000000000000000000e+00,7.835159102764736039e-01,5.237242614145031228e-01,7.847368421052631771e-01,5.237668161434977376e-01
6.666666666666666297e-01,7.256129368805425139e-01,2.479856759176365388e-01,7.063157894736842302e-01,2.421524663677130096e-01
3.333333333333333148e-01,8.888888888888888395e-01,8.191584601611459071e-01,8.942105263157894557e-01,8.071748878923766801e-01
3.333333333333333148e-01,8.622848200312989153e-01,9.579230080572963546e-01,8.615789473684209998e-01,9.560538116591927871e-01
1.000000000000000000e+00,2.999478351591027825e-01,1.083258728737690191e-01,2.610526315789473695e-01,1.156950672645739864e-01
1.000000000000000000e+00,3.505477308294209782e-01,2.685765443151297976e-02,3.321052631578947367e-01,3.587443946188340754e-02
6.666666666666666297e-01,7.569118414188836796e-01,2.542524619516562390e-01,7.542105263157894424e-01,2.538116591928251120e-01
3.333333333333333148e-01,8.273343766301513025e-01,5.953446732318711243e-01,8.194736842105263541e-01,5.937219730941704077e-01
6.666666666666666297e-01,7.318727177882107249e-01,1.298119964189794195e-01,7.373684210526315619e-01,1.578475336322869849e-01
6.666666666666666297e-01,7.391757955138237302e-01,2.068039391226499657e-01,7.263157894736842479e-01,2.026905829596412634e-01
3.333333333333333148e-01,7.772561293688053929e-01,5.067144136078782779e-01,7.715789473684210309e-01,5.228699551569506720e-01
3.333333333333333148e-01,7.897756911841419258e-01,6.311548791405550141e-01,7.947368421052631859e-01,6.134529147982062947e-01
1.000000000000000000e+00,3.818466353677621439e-01,1.396598030438674920e-01,3.710526315789473562e-01,1.183856502242152525e-01
3.333333333333333148e-01,7.553468961919665992e-01,1.781557743957027651e-01,7.426315789473684204e-01,1.937219730941704132e-01
6.666666666666666297e-01,6.259780907668232031e-01,4.512085944494180767e-01,6.157894736842105532e-01,4.484304932735426186e-01
6.666666666666666297e-01,7.850808555033906844e-01,2.112802148612354658e-01,7.900000000000000355e-01,2.179372197309417114e-01
3.333333333333333148e-01,8.247261345852895387e-01,5.595344673231871235e-01,8.221052631578947834e-01,5.497757847533631947e-01
1.000000000000000000e+00,3.891497130933750381e-01,1.539838854073410923e-01,3.768421052631578672e-01,1.506726457399103214e-01
3.333333333333333148e-01,7.767344809598331068e-01,8.549686660698299079e-01,7.831578947368420529e-01,8.538116591928250898e-01
3.333333333333333148e-01,7.428273343766301773e-01,6.069829901521933690e-01,7.326315789473684115e-01,6.044843049327354167e-01
3.333333333333333148e-01,8.377673448095983577e-01,5.926589077887197687e-01,8.421052631578946901e-01,5.802690582959640908e-01
6.666666666666666297e-01,8.012519561815336644e-01,3.428827215756490854e-01,8.052631578947367919e-01,3.327354260089686044e-01
1.000000000000000000e+00,3.260302556077204206e-01,4.923903312444046637e-02,3.063157894736842080e-01,6.008968609865470573e-02
3.333333333333333148e-01,8.346374543557642800e-02,1.566696508504923924e-01,7.315789473684210231e-02,1.560538116591928259e-01
3.333333333333333148e-01,8.461137193531559353e-01,5.693822739480751682e-01,8.431578947368421062e-01,5.533632286995515681e-01
6.666666666666666297e-01,4.329681794470526812e-01,5.389435989256937676e-01,4.426315789473684315e-01,5.174887892376681675e-01
3.333333333333333148e-01,6.515388628064684440e-01,1.880035810205908653e-01,6.421052631578947345e-01,1.784753363228699652e-01
